F1 score,Precision,Accuracy,Recall
0.90232885526267,0.9228776148364239,0.9471350628316826,0.8827405679410202
