F1 score,Precision,Accuracy,Recall
0.9379671419131075,0.9713153492527699,0.9668164028808534,0.9068347455702256
